{"tfjsVersion":"1.3.1","tmVersion":"2.4.4","packageVersion":"0.8.4-alpha2","packageName":"@teachablemachine/image","timeStamp":"2021-09-03T08:01:54.080Z","userMetadata":{},"modelName":"tm-my-image-model","labels":["나이키 X 사카이 블레이저 미드 메이즈 네이비","나이키 X 파라 에어맥스1 (2018)","나이키 X 피오갓 에어 피어 오브 갓 레이드 라이트 ","에어맥스97 실버 불렛 (2016/2017)","에어맥스97 온 에어 서울 네온 서울","이지부스트 350 V2 지브라","이지부스트 380 칼사이트 글로우"],"imageSize":224}